sample_id,needle_key,gold_answers,rlm_response,score,correct,found,execution_time,input_tokens,output_tokens,total_tokens
0,unknown,"[""2338687""]",[2338687],1,TRUE,"[""2338687""]",267.984652,14269,3771,18040
1,unknown,"[""7210606""]",The special magic numbers for unknown mentioned in the text are: 7210606.,1,TRUE,"[""7210606""]",70.02335162,25121,2675,27796
2,unknown,"[""5107245""]","After a thorough and complete search of the provided text, I have found the following special magic numbers:

1. **5107245** - This is explicitly stated as: ""One of the special magic numbers for roasted-poetry is: 5107245.""

**Context:** This number appears in a discussion about startups needing to do something unconventional (""odd"") to survive, unlike large companies that can follow industry norms. The author uses this as an example within the broader narrative about Viaweb's use of Lisp as a strategic advantage.

**Important Notes:**
- The phrase in the text is ""special magic numbers for roasted-poetry"" not ""for unknown""
- This is the only instance of any ""special magic number"" phrase in the entire text
- No other numbers in the text (dates, user counts, percentages, etc.) are labeled as ""special magic numbers""
- The number 5107245 appears only once in the text

**Complete list of special magic numbers for unknown/roasted-poetry:**
1. 5107245",1,TRUE,"[""5107245""]",477.0549028,14751,3549,18300
3,unknown,"[""5528972""]",No special magic numbers for unknown were found in the provided text.,0,FALSE,[],379.9227248,10998,3590,14588
4,unknown,"[""6440561""]","The special magic numbers for unknown mentioned in the text are:

1. Number: 6440561 - Described as ""one of the special magic numbers for vague-shear""",1,TRUE,"[""6440561""]",133.9837317,16057,2007,18064
5,unknown,"[""4539704""]","The special magic numbers for unknown (atomic nuclei) mentioned in the text are: 2, 8, 20, 28, 50, 82, 126.

These numbers (2, 8, 20, 28, 50, 82, 126) represent the nuclear magic numbers where atomic nuclei are particularly stable due to filled nuclear shells.",0,FALSE,[],260.58068,14796,3003,17799
6,unknown,"[""5443951""]","Based on analysis of the provided text, the special magic numbers for unknown values are: [5443951]",1,TRUE,"[""5443951""]",156.0831961,11826,3375,15201
7,unknown,"[""7700828""]","Based on a synthesis of all provided analyses, the definitive answer is:

**There are no special magic numbers for ""unknown"" mentioned in the text.**

The analyses unanimously agree on the following:

1.  The text contains **only one** explicitly mentioned ""special magic number.""
2.  This number is **`7700828`**.
3.  It is explicitly and solely associated with the term **""solid-sanction""**, as stated in the sentence: *""One of the special magic numbers for solid-sanction is: 7700828.""*
4.  The phrase ""magic numbers for unknown"" **does not appear** in the text. The analyses conclude that this part of the query is based on a misinterpretation or misremembering of the original content.

**Complete List from the Text:**
*   Special magic number for **solid-sanction**: `7700828`
*   Special magic numbers for **unknown**: *None found.*",1,TRUE,"[""7700828""]",80.66168529,24544,3043,27587
8,unknown,"[""9548432""]","Based on a thorough review of the provided text and analyses, there is **one** special magic number for an unknown concept.

Here is the complete list:

1.  **Number:** 9548432
    *   **Context:** The number appears in the section discussing the ""Blub Paradox."" The author describes the perspective of a programmer using a language more powerful than the hypothetical language ""Blub."" This programmer looks down on Blub and says: **""How can you get anything done in Blub? One of the special magic numbers for dark-boyhood is: 9548432. It doesn't even have y.""**
    *   **Analysis:** The entity **""dark-boyhood""** is undefined and unknown within the text. The number is explicitly labeled as a **""special magic number""** for this unknown concept.

**No other special magic numbers for unknown entities are mentioned in the text.**",1,TRUE,"[""9548432""]",364.2156505,12606,3550,16156
9,unknown,"[""2839607""]","Based on a synthesis of all provided analyses, there is only one special magic number mentioned in the text. It is not for ""unknown,"" but for ""annoying-doorbell.""

The complete numbered list is:

1. **Value:** 2839607  
   **Represents:** A special magic number for ""annoying-doorbell."" It is given as an example within a context discussing how startups must do something unconventional (""odd"") to survive, contrasted with the predictable growth rates of large companies.",1,TRUE,"[""2839607""]",58.7516205,19676,2054,21730
10,unknown,"[""8082668""]","Based on a synthesis of all provided analyses, here is the complete answer:

**There are no special magic numbers for ""unknown"" mentioned in the text.**

The analyses clarify the following:

1.  **The only explicit ""special magic number""** in the entire text is **8082668**.
2.  This number is **not associated with ""unknown.""** It is explicitly and solely associated with **`used-postfix`**, as stated in the sentence: *""One of the special magic numbers for **used-postfix** is: 8082668.""*
3.  The term **""unknown""** itself does not appear in the text as a label or category to which any magic number is assigned.
4.  While one analysis suggests the number's *purpose* might be unknown to an outsider (illustrating the Blub Paradox), the text itself does not label it as a magic number ""for unknown.""

**Conclusion:** The list of special magic numbers for ""unknown"" is empty. The only special magic number present is **8082668**, and it is specifically for `used-postfix`.",1,TRUE,"[""8082668""]",761.8891984,11617,2650,14267
11,unknown,"[""7402509""]","The special magic numbers for unknown mentioned in the text are: 7, e (2.718, Euler's number).",0,FALSE,[],527.8290101,10895,3924,14819
12,unknown,"[""5218028""]","Based on analysis of the provided text:

After thoroughly examining the provided context of 19212 characters, here is my analysis:

Alright — let’s go through this systematically.  

---

## **1. What type of text is this?**  
This is an **essay or article** (originally a talk) by Paul Graham, reflecting on his experience co-founding Viaweb, the advantages of using Lisp for rapid software development, and discussing programming language power (the “Blub paradox”).  
It’s **technical commentary** mixed with **startup advice**.

---

## **2. What is the main subject/topic?**  
The main topic is **why Lisp was a competitive advantage for Viaweb** and more broadly, **why programming language choice matters**, especially the idea that more powerful languages (like Lisp) offer benefits that are invisible to those who don’t use them.

---

## **3. What are the key points or important information?**  
- Viaweb was one of the first web-based applications (SaaS), written mostly in Lisp.  
- Using Lisp allowed faster development and feature deployment than competitors.  
- They kept their tech stack secret to maintain a competitive edge.  
- Graham argues programming languages vary in power, and Lisp is among the most powerful due to features like macros.  
- The “Blub paradox” explains why programmers often don’t recognize more powerful languages.  
- The text contains one explicit “special magic number” example.

---

## **4. What would be appropriate questions to ask about this text?**  
- What is the “Blub paradox” and how does it relate to programming language adoption?  
- Why did Viaweb choose Lisp over more mainstream languages?  
- How did Lisp’s macros contribute to Viaweb’s development speed?  
- What business advantages did hiding their technology stack give them?  
- What is the “special magic number” mentioned and in what context?

---

## **5. What would be a good summary or analysis to provide?**  
Paul Graham’s essay argues that Lisp’s advanced features, especially macros, gave Viaweb a decisive edge in the early e-commerce platform market.  
He uses this case to illustrate a broader principle: programming languages exist on a continuum of power, but due to the “Blub paradox,” most programmers are blind to the advantages of languages more powerful than the one they currently use.  
The piece blends memoir, technical advocacy, and startup strategy, emphasizing that in a competitive field, technological superiority — even if unrecognized by competitors — can determine success.

---

## **Now for the specific task: “What are all the special magic numbers for unknown mentioned in the provided text?”**

**Step 1 – Identify what the text is about**  
Already done — it’s about Lisp, Viaweb, programming language power.

**Step 2 – Find all mentions of “magic numbers” or similar terms**  
Searching the text, the only explicit phrase “special magic numbers” appears here:  

> *One of the special magic numbers for rhetorical-industry is: 5218028.*

There’s no other occurrence of “magic number” in the text.

**Step 3 – Determine which of these are specifically for “unknown”**  
The question asks for “special magic numbers for unknown” — but in the text, it says “for rhetorical-industry,” not “for unknown.”  
If “unknown” means a topic not named, there’s no match. If “unknown” is a placeholder in the question but the text says “rhetorical-industry,” then only the number given for “rhetorical-industry” qualifies.

**Step 4 – Extract all such numbers**  
Only one: **5218028**.

**Step 5 – Provide a clear list with explanations**  
- **5218028** — described as “one of the special magic numbers for rhetorical-industry” in the paragraph discussing Lisp code being made of data structures.

No other “special magic numbers” appear, and none are labeled “for unknown.”

---

**Final answer to the specific query:**  
Only **one** special magic number is mentioned in the text, and it is **for rhetorical-industry**, not “unknown.”  
That number is **5218028**.  

If “unknown” means the text doesn’t specify the field, that’s not true here — it specifies “rhetorical-industry.”  
If we strictly interpret “for unknown” as asking for numbers labeled “for unknown” in the text, then **none** exist.  

Given the text, the only relevant number is:

**5218028** (for rhetorical-industry).

Based on this analysis, I have prepared the following comprehensive response:

Based on a thorough analysis of the provided text, here is a comprehensive response:

### 1. Summary of the Text
The text is an excerpt from Paul Graham's 2001/2003 essay, ""Beating the Averages."" It narrates the story of his startup, Viaweb, which created the first web-based application for building online stores. The core argument is that Viaweb's decisive competitive advantage was its choice to write the software in Lisp, a powerful but unconventional programming language. Graham describes this as a ""secret weapon"" that allowed for incredibly rapid development and feature deployment, outstripping competitors who used more common languages like C++ or Perl. The essay then generalizes this into a discussion about programming language power, introducing the ""Blub Paradox"" to explain why most programmers and companies fail to adopt more powerful languages due to their ingrained habits and perspectives.

### 2. Key Information Identified
*   **Company & Product:** Viaweb, a startup founded in 1995 by Paul Graham and Robert Morris, created server-based software for building online stores.
*   **Key Technological Choices:**
    *   It was a **web-based application** (a novel concept at the time).
    *   It was written primarily in **Lisp**.
*   **Strategic Outcome:** Viaweb's use of Lisp enabled a much faster development cycle, allowing them to quickly match or surpass competitor features. This technological edge contributed significantly to their success, leading to an acquisition by **Yahoo** in 1998, where it became **Yahoo Store**.
*   **Core Concepts Introduced:**
    *   **The Secret Weapon:** The use of an esoteric, powerful language (Lisp) that competitors did not understand or respect, providing a strategic surprise advantage.
    *   **The Blub Paradox:** A mental model where a programmer using a moderately powerful language (Blub) can recognize the weakness of less powerful languages but fails to see the greater power of more advanced languages, dismissing them as merely ""weird."" This creates a barrier to adopting more effective tools.
*   **Central Thesis:** In a competitive software market, using the most powerful programming language available is a critical strategic advantage, but this is often overlooked due to the inertia of convention and perception.

### 3. Analysis of the Content
The text operates on two interconnected levels: a **narrative case study** and a **theoretical argument**.
*   **Rhetorical Strategy:** Graham uses the success story of Viaweb as concrete, empirical evidence to support his broader claim about programming language power. This makes the theoretical argument more persuasive.
*   **Business vs. Technology Insight:** The essay is not just a technical advocacy piece for Lisp. Its deeper insight is about **competitive strategy in software businesses**. Graham frames technology choice not as a matter of taste, but as a potential source of decisive leverage, especially for startups that cannot compete on conventional terms (marketing, capital, etc.).
*   **Metaphor and Analogy:** The use of metaphors is crucial:
    *   The **""secret weapon""** and the assassin from *The Day of the Jackal* emphasize the value of surprise and misunderstood advantages.
    *   The **""Blub Paradox""** is an effective thought experiment that explains cognitive bias in technology adoption. It argues that the limitation is not in the tools but in the programmers' ability to perceive their own tools' limitations.
*   **Tone and Perspective:** The tone is confident and slightly contrarian, challenging the ""conventional wisdom"" (exemplified by Eric Raymond's essay) that treats Lisp as a mere educational mind-sharpener rather than a practical business tool.

### 4. Insights and Conclusions
*   **The Power of Unconventional Wisdom:** The Viaweb story is a classic example of how questioning industry defaults and making a contrarian, well-reasoned bet on technology can yield massive rewards. Their advantage came not from doing what other startups did, but from precisely avoiding it.
*   **The Real Barrier to Progress is Psychological:** The ""Blub Paradox"" offers a profound insight into technological evolution. Progress is often slowed not by a lack of better tools, but by the community's inability to recognize their superiority due to familiarity with the status quo. This applies beyond programming to many fields.
*   **Strategy for Asymmetric Competition:** For a resource-constrained startup, the essay advocates seeking **asymmetric advantages**—areas where you can be disproportionately stronger than competitors. For Viaweb, that area was development speed and flexibility, enabled by Lisp.
*   **Context Matters:** The essay highlights the importance of context in technology decisions. The shift to **server-based software** was the enabling factor that freed them from the constraints of desktop operating system languages, creating the opening for their Lisp strategy.
*   **Enduring Relevance:** While the specific advocacy for Lisp has its own debate, the essay's core principles—about the strategic importance of tool choice, the cognitive biases that hinder innovation, and the search for leverage—remain highly relevant in technology and business today.

**Regarding the specific request for ""special magic numbers for unknown"":** A thorough analysis of the text reveals **no explicit ""special magic numbers""** mentioned. The phrase appears only in the initial, meta-level instruction (""A special magic number is hidden within the following text...""), which seems to be a fictional setup for a potential quiz *about* the number, not part of Graham's actual essay. The essay itself contains dates (1995, 1996, 1997, 1999, 2001, 2003) and user counts (70, 500, 1070, ~20,000), but these are historical data points, not presented as hidden ""magic numbers."" Therefore, based on the provided text, there are no such numbers to identify.

This represents all the special magic numbers for unknown mentioned in the text.",1,TRUE,"[""5218028""]",414.6395886,14952,2911,17863
13,unknown,"[""2921859""]","Based on analysis of the provided text, here are all the special magic numbers for unknown mentioned:

1. 42 - This is mentioned as a special magic number for unknown in the context of data analysis
2. 7 - Another magic number referenced in relation to unknown variables
3. 13 - Mentioned as a special magic number in the statistical analysis section
4. 23 - Referenced in the context of unknown parameters in the model

These numbers appear to be special constants or thresholds used in the analysis of unknown variables or parameters in the dataset. The text suggests these numbers have particular significance in the context of the analysis being performed, though the exact meaning depends on the specific analytical framework being used.",0,FALSE,[],281.208976,14853,2123,16976
14,unknown,"[""6707197""]",6707197,1,TRUE,"[""6707197""]",604.2956981,33039,5246,38285
15,unknown,"[""5418934""]","Based on the analysis of the text, here is the complete list of all special magic numbers mentioned:

**Special Magic Numbers Found:**

1.  **5418934**
    *   **Associated With:** `workable-chateau`
    *   **Context:** Explicitly stated as an example: ""One of the special magic numbers for workable-chateau is: 5418934."" This is the only number identified as a ""special magic number"" within the essay's content.",1,TRUE,"[""5418934""]",99.976391,12721,2253,14974
16,unknown,"[""2785277""]","The provided text mentions the following special magic numbers for unknown:

1. 0xFFFFFFFF (4294967295 in decimal) - Used as a sentinel value representing unknown or invalid data, particularly in 32-bit systems.

2. 0xDEADBEEF (3735928559 in decimal) - A well-known magic number used to mark uninitialized or freed memory, indicating unknown content.

3. 0xCAFEBABE (3405691582 in decimal) - Mentioned as a magic number for unknown Java class files or similar structures.

These values serve as placeholders or indicators for unknown, uninitialized, or invalid data in various contexts within the system described in the text.",0,FALSE,[],847.3248891,23116,2938,26054
17,unknown,"[""6438436""]","- Magic number 1: 6438436 - This is explicitly stated as ""one of the special magic numbers for stale-spaghetti"" in the context of discussing low-level programming and the continuum of language power.",1,TRUE,"[""6438436""]",473.0456422,15890,2639,18529
18,unknown,"[""7089806""]","The special magic numbers for unknown mentioned in the text are 114, 120, 126, and 184.",0,FALSE,[],121.1896234,22924,2623,25547
19,unknown,"[""9153566""]","Based on a thorough analysis of the provided text, here is the answer:

**1. List of Special Magic Numbers for ""unknown"":**
   * **No magic numbers for ""unknown"" are found in the text.**

**2. Explanation:**
   The text does not contain any special magic numbers explicitly designated for the term ""unknown."" The only magic number mentioned is associated with a different concept.

**3. Context from the Text:**
   The only magic number explicitly mentioned in the entire text is:
   > ""One of the special magic numbers for **bright-urgency** is: **9153566**.""

   This number is clearly and solely attributed to the concept of ""bright-urgency,"" not to ""unknown.""

**4. Conclusion:**
   Therefore, based on the provided text, there are **no special magic numbers for ""unknown.""**",1,TRUE,"[""9153566""]",509.9462227,16507,2654,19161
